name,smiles,parses_rdkit,canonical_smiles,inchikey,group,label_status,notes
Caffeine,Cn1c(=O)c2c(ncn2C)n(C)c1=O,True,Cn1c(=O)c2c(ncn2C)n(C)c1=O,RYYVLZVUVIJVGH-UHFFFAOYSA-N,CNS+,illustrative_literature_reported_unverified,
Nicotine,CN1CCC[C@H]1c1cccnc1,True,CN1CCC[C@H]1c1cccnc1,SNICXCGAKADSCV-JTQLQIEISA-N,CNS+,illustrative_literature_reported_unverified,
Diazepam,CN1C(=O)CN=C(c2ccccc2)c2cc(Cl)ccc21,True,CN1C(=O)CN=C(c2ccccc2)c2cc(Cl)ccc21,AAOVKJBEBIDNHE-UHFFFAOYSA-N,CNS+,illustrative_literature_reported_unverified,
Morphine,CN1CC[C@]23c4c5ccc(O)c4O[C@H]2[C@@H](O)C=C[C@H]3[C@H]1C5,True,CN1CC[C@]23c4c5ccc(O)c4O[C@H]2[C@@H](O)C=C[C@H]3[C@H]1C5,BQJCRHHNABKAKU-KBQPJGBKSA-N,CNS+,illustrative_literature_reported_unverified,
Haloperidol,O=C(CCCN1CCC(O)(c2ccc(Cl)cc2)CC1)c1ccc(F)cc1,True,O=C(CCCN1CCC(O)(c2ccc(Cl)cc2)CC1)c1ccc(F)cc1,LNEPOXFFQSENCJ-UHFFFAOYSA-N,CNS+,illustrative_literature_reported_unverified,
Amitriptyline,CN(C)CCC=C1c2ccccc2CCc2ccccc21,True,CN(C)CCC=C1c2ccccc2CCc2ccccc21,KRMDCWKBEZIMAB-UHFFFAOYSA-N,CNS+,illustrative_literature_reported_unverified,
Carbamazepine,NC(=O)N1c2ccccc2C=Cc2ccccc21,True,NC(=O)N1c2ccccc2C=Cc2ccccc21,FFGPTBGBLSHEPO-UHFFFAOYSA-N,CNS+,illustrative_literature_reported_unverified,
Fluoxetine,CNCCC(Oc1ccc(C(F)(F)F)cc1)c1ccccc1,True,CNCCC(Oc1ccc(C(F)(F)F)cc1)c1ccccc1,RTHCYVBBDHJXIQ-UHFFFAOYSA-N,CNS+,illustrative_literature_reported_unverified,
Chlorpromazine,CN(C)CCCN1c2ccccc2Sc2ccc(Cl)cc21,True,CN(C)CCCN1c2ccccc2Sc2ccc(Cl)cc21,ZPEIMTDSQAKGNT-UHFFFAOYSA-N,CNS+,illustrative_literature_reported_unverified,
Imipramine,CN(C)CCCN1c2ccccc2CCc2ccccc21,True,CN(C)CCCN1c2ccccc2CCc2ccccc21,BCGWQEUPMDMJNV-UHFFFAOYSA-N,CNS+,illustrative_literature_reported_unverified,
Lorazepam,O=C1Nc2ccc(Cl)cc2C(c2ccccc2Cl)=NC1O,True,O=C1Nc2ccc(Cl)cc2C(c2ccccc2Cl)=NC1O,DIWRORZWFLOCLC-UHFFFAOYSA-N,CNS+,illustrative_literature_reported_unverified,
Sertraline,CN[C@H]1CC[C@@H](c2ccc(Cl)c(Cl)c2)c2ccccc21,True,CN[C@H]1CC[C@@H](c2ccc(Cl)c(Cl)c2)c2ccccc21,VGKDLMBJGBXTGI-SJCJKPOMSA-N,CNS+,illustrative_literature_reported_unverified,
Bupropion,CC(NC(C)(C)C)C(=O)c1cccc(Cl)c1,True,CC(NC(C)(C)C)C(=O)c1cccc(Cl)c1,SNPPWIUOZRMYNY-UHFFFAOYSA-N,CNS+,illustrative_literature_reported_unverified,
Diphenhydramine,CN(C)CCOC(c1ccccc1)c1ccccc1,True,CN(C)CCOC(c1ccccc1)c1ccccc1,ZZVUWRFHKOJYTH-UHFFFAOYSA-N,CNS+,illustrative_literature_reported_unverified,
Alprazolam,Cc1nnc2n1-c1ccc(Cl)cc1C(c1ccccc1)=NC2,True,Cc1nnc2n1-c1ccc(Cl)cc1C(c1ccccc1)=NC2,VREFGVBLTWBCJP-UHFFFAOYSA-N,CNS+,illustrative_literature_reported_unverified,
Clonazepam,O=C1CN=C(c2ccccc2Cl)c2cc([N+](=O)[O-])ccc2N1,True,O=C1CN=C(c2ccccc2Cl)c2cc([N+](=O)[O-])ccc2N1,DGBIGWXXNGSACT-UHFFFAOYSA-N,CNS+,illustrative_literature_reported_unverified,
Valproic acid,CCCC(CCC)C(=O)O,True,CCCC(CCC)C(=O)O,NIJJYAXOARWZEE-UHFFFAOYSA-N,CNS+,illustrative_literature_reported_unverified,
Gabapentin,NCC1(CC(=O)O)CCCCC1,True,NCC1(CC(=O)O)CCCCC1,UGJMXCAKCUNAIE-UHFFFAOYSA-N,CNS+,illustrative_literature_reported_unverified,
Levodopa (L-DOPA),N[C@@H](Cc1ccc(O)c(O)c1)C(=O)O,True,N[C@@H](Cc1ccc(O)c(O)c1)C(=O)O,WTDRDQBEARUVNC-LURJTMIESA-N,CNS+,illustrative_literature_reported_unverified,
Dextromethorphan,COc1ccc2c(c1)[C@]13CCCC[C@H]1[C@@H](C2)N(C)CC3,True,COc1ccc2c(c1)[C@]13CCCC[C@H]1[C@@H](C2)N(C)CC3,MKXZASYAUGDDCJ-JQHSSLGASA-N,CNS+,illustrative_literature_reported_unverified,
Quetiapine,OCCOCCN1CCN(C2=Nc3ccccc3Sc3ccccc32)CC1,True,OCCOCCN1CCN(C2=Nc3ccccc3Sc3ccccc32)CC1,URKOMYMAXPYINW-UHFFFAOYSA-N,CNS+,illustrative_literature_reported_unverified,
Risperidone,Cc1nc2n(c(=O)c1CCN1CCC(c3noc4cc(F)ccc34)CC1)CCCC2,True,Cc1nc2n(c(=O)c1CCN1CCC(c3noc4cc(F)ccc34)CC1)CCCC2,RAPZEAPATHNIPO-UHFFFAOYSA-N,CNS+,illustrative_literature_reported_unverified,
Trazodone,O=c1n(CCCN2CCN(c3cccc(Cl)c3)CC2)nc2ccccn12,True,O=c1n(CCCN2CCN(c3cccc(Cl)c3)CC2)nc2ccccn12,PHLBKPHSAVXXEF-UHFFFAOYSA-N,CNS+,illustrative_literature_reported_unverified,
Zolpidem,Cc1ccc(-c2nc3ccc(C)cn3c2CC(=O)N(C)C)cc1,True,Cc1ccc(-c2nc3ccc(C)cn3c2CC(=O)N(C)C)cc1,ZAFYATHCZYHLPB-UHFFFAOYSA-N,CNS+,illustrative_literature_reported_unverified,
Phenobarbital,CCC1(c2ccccc2)C(=O)NC(=O)NC1=O,True,CCC1(c2ccccc2)C(=O)NC(=O)NC1=O,DDBREPKUVSBGFI-UHFFFAOYSA-N,CNS+,illustrative_literature_reported_unverified,
Atenolol,CC(C)NCC(O)COc1ccc(CC(N)=O)cc1,True,CC(C)NCC(O)COc1ccc(CC(N)=O)cc1,METKIMKYRPQLGS-UHFFFAOYSA-N,CNS-,illustrative_literature_reported_unverified,
Nadolol,CC(C)(C)NCC(O)COc1cccc2c1C[C@H](O)[C@H](O)C2,True,CC(C)(C)NCC(O)COc1cccc2c1C[C@H](O)[C@H](O)C2,VWPOSFSPZNDTMJ-UCWKZMIHSA-N,CNS-,illustrative_literature_reported_unverified,
Lisinopril,NCCCC[C@H](N[C@@H](CCc1ccccc1)C(=O)O)C(=O)N1CCC[C@H]1C(=O)O,True,NCCCC[C@H](N[C@@H](CCc1ccccc1)C(=O)O)C(=O)N1CCC[C@H]1C(=O)O,RLAWWYSOJDYHDC-BZSNNMDCSA-N,CNS-,illustrative_literature_reported_unverified,
Enalapril,CCOC(=O)[C@H](CCc1ccccc1)N[C@@H](C)C(=O)N1CCC[C@H]1C(=O)O,True,CCOC(=O)[C@H](CCc1ccccc1)N[C@@H](C)C(=O)N1CCC[C@H]1C(=O)O,GBXSMTUPTTWBMN-XIRDDKMYSA-N,CNS-,illustrative_literature_reported_unverified,
Captopril,CC(CS)C(=O)N1CCCC1C(=O)O,True,CC(CS)C(=O)N1CCCC1C(=O)O,FAKRSMQSSFJEIM-UHFFFAOYSA-N,CNS-,illustrative_literature_reported_unverified,
Ranitidine,CNC(=C[N+](=O)[O-])NCCSCc1ccc(CN(C)C)o1,True,CNC(=C[N+](=O)[O-])NCCSCc1ccc(CN(C)C)o1,VMXUWOKSQNHOCA-UHFFFAOYSA-N,CNS-,illustrative_literature_reported_unverified,
Metformin,CN(C)C(=N)N=C(N)N,True,CN(C)C(=N)N=C(N)N,XZWYZXLIPXDOLR-UHFFFAOYSA-N,CNS-,illustrative_literature_reported_unverified,
Fexofenadine,CC(C)(C(=O)O)c1ccc(C(O)CCCN2CCC(C(O)(c3ccccc3)c3ccccc3)CC2)cc1,True,CC(C)(C(=O)O)c1ccc(C(O)CCCN2CCC(C(O)(c3ccccc3)c3ccccc3)CC2)cc1,RWTNPBWLLIMQHL-UHFFFAOYSA-N,CNS-,illustrative_literature_reported_unverified,
Alendronate,NCCCC(O)(P(=O)(O)O)P(=O)(O)O,True,NCCCC(O)(P(=O)(O)O)P(=O)(O)O,OGSPWJRAVKPPFI-UHFFFAOYSA-N,CNS-,illustrative_literature_reported_unverified,
Methotrexate,CN(Cc1cnc2nc(N)nc(N)c2n1)c1ccc(C(=O)N[C@@H](CCC(=O)O)C(=O)O)cc1,True,CN(Cc1cnc2nc(N)nc(N)c2n1)c1ccc(C(=O)N[C@@H](CCC(=O)O)C(=O)O)cc1,FBOZXECLQNJBKD-ZDUSSCGKSA-N,CNS-,illustrative_literature_reported_unverified,
Pravastatin,CC[C@H](C)C(=O)O[C@H]1C[C@H](O)C=C2C=C[C@H](C)[C@H](CC[C@@H](O)C[C@@H](O)CC(=O)O)[C@@H]21,True,CC[C@H](C)C(=O)O[C@H]1C[C@H](O)C=C2C=C[C@H](C)[C@H](CC[C@@H](O)C[C@@H](O)CC(=O)O)[C@@H]21,TUZYXOIXSAXUGO-SDYRHPPTSA-N,CNS-,illustrative_literature_reported_unverified,
Rosuvastatin,CC(C)c1nc(N(C)S(C)(=O)=O)nc(-c2ccc(F)cc2)c1/C=C/[C@@H](O)C[C@@H](O)CC(=O)O,True,CC(C)c1nc(N(C)S(C)(=O)=O)nc(-c2ccc(F)cc2)c1/C=C/[C@@H](O)C[C@@H](O)CC(=O)O,BPRHUIZQVSMCRT-VEUZHWNKSA-N,CNS-,illustrative_literature_reported_unverified,
Glyburide (Glibenclamide),COc1ccc(Cl)cc1C(=O)NCCc1ccc(S(=O)(=O)NC(=O)NC2CCCCC2)cc1,True,COc1ccc(Cl)cc1C(=O)NCCc1ccc(S(=O)(=O)NC(=O)NC2CCCCC2)cc1,ZNNLBTZKUZBEKO-UHFFFAOYSA-N,CNS-,illustrative_literature_reported_unverified,
Neostigmine,CN(C)C(=O)Oc1cccc([N+](C)(C)C)c1,True,CN(C)C(=O)Oc1cccc([N+](C)(C)C)c1,ALWKGYPQUAPLQC-UHFFFAOYSA-N,CNS-,illustrative_literature_reported_unverified,
Sotalol,CC(C)NCC(O)c1ccc(NS(C)(=O)=O)cc1,True,CC(C)NCC(O)c1ccc(NS(C)(=O)=O)cc1,ZBMZVLHSJCTVON-UHFFFAOYSA-N,CNS-,illustrative_literature_reported_unverified,
Penicillin G,CC1(C)S[C@@H]2[C@H](NC(=O)Cc3ccccc3)C(=O)N2[C@H]1C(=O)O,True,CC1(C)S[C@@H]2[C@H](NC(=O)Cc3ccccc3)C(=O)N2[C@H]1C(=O)O,JGSARLDLIJGVTE-MBNYWOFBSA-N,CNS-,illustrative_literature_reported_unverified,
Cefuroxime,CO/N=C(\C(=O)N[C@@H]1C(=O)N2C(C(=O)O)=C(COC(N)=O)CS[C@H]12)c1ccco1,True,CO/N=C(\C(=O)N[C@@H]1C(=O)N2C(C(=O)O)=C(COC(N)=O)CS[C@H]12)c1ccco1,JFPVXVDWJQMJEE-IZRZKJBUSA-N,CNS-,illustrative_literature_reported_unverified,
Sulfasalazine,O=C(O)c1cc(N=Nc2ccc(S(=O)(=O)Nc3ccccn3)cc2)ccc1O,True,O=C(O)c1cc(N=Nc2ccc(S(=O)(=O)Nc3ccccn3)cc2)ccc1O,NCEXYHBECQHGNR-UHFFFAOYSA-N,CNS-,illustrative_literature_reported_unverified,
Allopurinol,O=c1[nH]cnc2[nH]ncc12,True,O=c1[nH]cnc2[nH]ncc12,OFCNXPDARWKPPY-UHFFFAOYSA-N,CNS-,illustrative_literature_reported_unverified,
Probenecid,CCCN(CCC)S(=O)(=O)c1ccc(C(=O)O)cc1,True,CCCN(CCC)S(=O)(=O)c1ccc(C(=O)O)cc1,DBABZHXKTCFAPX-UHFFFAOYSA-N,CNS-,illustrative_literature_reported_unverified,
Cromolyn,O=C(O)c1cc(=O)c2cc(OCC(O)COc3cccc4c(=O)cc(C(=O)O)oc34)ccc2o1,True,O=C(O)c1cc(=O)c2cc(OCC(O)COc3cccc4c(=O)cc(C(=O)O)oc34)ccc2o1,QZXCFLQUFQRLOK-UHFFFAOYSA-N,CNS-,illustrative_literature_reported_unverified,
Loperamide,CN(C)C(=O)C(CCN1CCC(O)(c2ccc(Cl)cc2)CC1)(c1ccccc1)c1ccccc1,True,CN(C)C(=O)C(CCN1CCC(O)(c2ccc(Cl)cc2)CC1)(c1ccccc1)c1ccccc1,RDOIQAHITMMDAJ-UHFFFAOYSA-N,CNS-,illustrative_literature_reported_unverified,
Domperidone,O=c1[nH]c2ccccc2n1CCCN1CCC(n2c(=O)[nH]c3cc(Cl)ccc32)CC1,True,O=c1[nH]c2ccccc2n1CCCN1CCC(n2c(=O)[nH]c3cc(Cl)ccc32)CC1,FGXWKSZFVQUSTL-UHFFFAOYSA-N,CNS-,illustrative_literature_reported_unverified,
Cetirizine,O=C(O)COCCN1CCN(C(c2ccccc2)c2ccc(Cl)cc2)CC1,True,O=C(O)COCCN1CCN(C(c2ccccc2)c2ccc(Cl)cc2)CC1,ZKLPARSLTMPFCP-UHFFFAOYSA-N,CNS-,illustrative_literature_reported_unverified,
Succinylcholine,C[N+](C)(C)CCOC(=O)CCC(=O)OCC[N+](C)(C)C,True,C[N+](C)(C)CCOC(=O)CCC(=O)OCC[N+](C)(C)C,AXOIZCJOOAYSMI-UHFFFAOYSA-N,CNS-,illustrative_literature_reported_unverified,
