path,sha256,bytes
artifacts/calibration/isotonic_model_C.joblib,9263a2002b766960f5d277b2ecfd620d0d597c74c6c74dc4f69b10051b6d9de7,951
artifacts/calibration/locked_threshold_model_C.json,0a56e7650b478d2086f0a803ac45c813b6fa61374d7cb55cea079b51121606d8,1153
artifacts/feature_schema.json,ee806e4dc2d8b7db18c71310e7b9d34a37120bf2ee5ded644bcd87861baefb51,512
artifacts/stage1/efflux.joblib,2644d699696d8d38b002e74562c59974f89afebf1f25338b4b47ff218b9e7651,636588
artifacts/stage1/influx.joblib,cf7717db10c418f39a63b56dd527c3b6c4c2fdc76d5e209ac4f48c1c8ed5da94,592766
artifacts/stage1/pampa.joblib,46ace095e8f538a2da62bdaabced0dc1c21af5613d03e278c3771c0d8bb08df5,791385
artifacts/stage1_train_medians.json,d166ad257f1b67cc759ced7d1bb799e92f254e9fb071aa682af24fc9c9a5d20d,269
artifacts/stage2_modelC/seed0.joblib,4aaaae944c213d648f0746369a0b0bcdd40776b550c9b4ef08af36ce2caa8899,447159
artifacts/stage2_modelC/seed0.txt,4d5c3403288bdb6063f54166ac75a0254aa7834cd72e2621559649e86a04b727,446178
artifacts/stage2_modelC/seed1.joblib,14c3570b80c2bb28ecc59d02acb4f6b0f757c202f1d0d7a8627c54a5246f9154,474316
artifacts/stage2_modelC/seed1.txt,987f58d383165bfc9fa57727bb1e5b8da4b1e84b59b88327a0717d387c9c9f2e,473335
artifacts/stage2_modelC/seed2.joblib,d9d77e7d6305d312016ce588d69f82a88f8c9ae759011ee613ba529442c1e92a,560805
artifacts/stage2_modelC/seed2.txt,e3e26af6b43aa903f18f6441dab025afbb4367a77d3514422fa78f233ef3dc84,559824
artifacts/stage2_modelC/seed3.joblib,dbc60481888c4def766041fba0dfe788c6d0471b1488925206d2f4f55527b36f,462962
artifacts/stage2_modelC/seed3.txt,f5e63aac3a5bb8f2f2b4be3bec339f1edbacdbeb3f730a0c12f87e98f14ab4c7,461981
artifacts/stage2_modelC/seed4.joblib,de4ae3f1acd5674cb12b9228745463703edca4259065590a4032856bd5da1107,608319
artifacts/stage2_modelC/seed4.txt,00977916c951dce83b8ff5a7f5abee30a27cd4adf15f56cbf18d67c9cc74f34d,607338
artifacts/threshold.json,56e12b1927d76f532171b5edf372cbadd49ffde406122c49e38677c0d504ede3,247
